imageURL,imageID,original,und_quantity,und_location,und_object,und_gender-number,und_gender,und_full,sim_original,sim_quantity,sim_location,sim_object,sim_gender-number,sim_gender,sim_full
./coco-images/images/COCO_train2014_000000196545.jpg,196545,A young woman in glasses is holding a hot dog.,NA,NA,A young woman in glasses is holding that.,NA,A person woman in glasses is holding a hot dog.,"They are doing something here.
",1.067773550748825,0.0,0.0,0.7625623792409897,0.0,0.9945760667324066,0.48941347748041153
./coco-images/images/COCO_train2014_000000134599.jpg,134599,A person holding a green plastic knife getting ready to cut a white cake.,NA,NA,A person holding a green plastic knife getting ready to cut this.,NA,NA,"They are doing something here.
",1.0555027425289154,0.0,0.0,0.8509165048599243,0.0,0.0,0.5145119875669479
./coco-images/images/COCO_train2014_000000196545.jpg,196545,A woman holds a hot dog with toppings while sitting on a bench.,NA,A woman holds a hot dog with toppings while sitting there.,A woman holds that while sitting on a bench.,They hold a hot dog with toppings while sitting on a bench.,A person holds a hot dog with toppings while sitting on a bench.,"They are doing something here.
",1.034182757139206,0.0,1.0191933065652847,0.7113903015851974,0.8348435908555984,1.0049432516098022,0.48941347748041153
./coco-images/images/COCO_train2014_000000475999.jpg,475999,A large stack of brownies at a market.,Some brownies at a market.,A large stack of brownies there.,A large stack of this at a market.,NA,NA,"They are doing something here.
",1.018599346280098,0.8459804952144623,0.8187080919742584,0.6949397176504135,0.0,0.0,0.5036120116710663
./coco-images/images/COCO_train2014_000000134599.jpg,134599,A person is getting ready to cut a white cake.,NA,NA,A person is getting ready to cut this.,They are getting ready to cut a white cake.,NA,"They are doing something here.
",0.9988848119974136,0.0,0.0,0.6920313835144043,0.7783689349889755,0.0,0.5145119875669479
./coco-images/images/COCO_train2014_000000488127.jpg,488127,A soldier cuts a large American military-themed cake.,NA,NA,A soldier cuts this.,They cut a large American military-themed cake.,A person cuts a large American military-themed cake.,"They are doing something here.
",0.9835483878850937,0.0,0.0,0.674373209476471,0.8428428322076797,0.9579639136791229,0.46030882745981216
./coco-images/images/COCO_train2014_000000096222.jpg,96222,A man in a black t-shirt stands in front of a birthday cake in a kitchen.,NA,A man in a black t-shirt stands there.,A man in a black t-shirt stands in front of this in a kitchen.,NA,A person in a black t-shirt stands in front of a birthday cake in a kitchen.,"They are doing something here.
",0.9832017123699188,0.0,0.6621179729700089,0.6357747316360474,0.0,0.9591855853796005,0.4897890239953995
./coco-images/images/COCO_train2014_000000266311.jpg,266311,A man doing a handstand trick on a skateboard near the beach and next to a group of parked bicycles.,A man doing a handstand trick on a skateboard near the beach and next to some parked bicycles.,A man doing a handstand trick on a skateboard there.,A man doing that on a skateboard near the beach and next to this.,NA,A person doing a handstand trick on a skateboard near the beach and next to a group of parked bicycles.,"They are doing something here.
",0.9822617471218109,0.9699265658855438,0.7771959155797958,0.7006487250328064,0.0,0.9706026315689087,0.487792044878006
./coco-images/images/COCO_train2014_000000195449.jpg,195449,A dog riding on a motorcycle with a person,NA,NA,A dog riding on that with a person,NA,NA,"They are doing something here.
",0.9794604033231735,0.0,0.0,0.8907891809940338,0.0,0.0,0.5722161009907722
./coco-images/images/COCO_train2014_000000449904.jpg,449904,A woman with glasses sitting at a table with a slice of pizza in front of her and a soft drink cup.,NA,A woman with glasses sitting there with a slice of pizza in front of her and a soft drink cup.,A woman with glasses sitting at a table with that in front of her and a soft drink cup.,NA,A person with glasses sitting at a table with a slice of pizza in front of them and a soft drink cup.,"They are doing something here.
",0.9790355712175369,0.0,0.9767705947160721,0.8665648847818375,0.0,0.9665314853191376,0.4728047177195549
./coco-images/images/COCO_train2014_000000522288.jpg,522288,A small white dog is poses near a wine glass.,NA,NA,A small white dog is poses near this.,NA,NA,"They are doing something here.
",0.9703145176172256,0.0,0.0,0.6140954047441483,0.0,0.0,0.47608766704797745
./coco-images/images/COCO_train2014_000000196545.jpg,196545,A woman sitting on a bench holding a hot dog,NA,A woman sitting there holding a hot dog,A woman sitting on a bench holding that,NA,A person sitting on a bench holding a hot dog,"They are doing something here.
",0.955510213971138,0.0,0.918680876493454,0.6917770206928253,0.0,0.8988825231790543,0.48941347748041153
./coco-images/images/COCO_train2014_000000488127.jpg,488127,A soldier preparing to cut a large cake.,NA,NA,A soldier preparing to cut that.,NA,A person preparing to cut a large cake.,"They are doing something here.
",0.9539584070444107,0.0,0.0,0.6990201771259308,0.0,0.7460782676935196,0.46030882745981216
./coco-images/images/COCO_train2014_000000459209.jpg,459209,Two children are playing with letter magnets on a refrigerator.,Some children are playing with letter magnets on a refrigerator.,Two children are playing with letter magnets here.,Two children are playing with this on a refrigerator.,They are playing with letter magnets on a refrigerator.,Two people are playing with letter magnets on a refrigerator.,"They are doing something here.
",0.9448670595884323,0.9412661194801331,0.8707498759031296,0.7603755593299866,0.9304745495319366,0.8934114128351212,0.5932770669460297
./coco-images/images/COCO_train2014_000000522288.jpg,522288,A dog with a wine glass being held to its face.,NA,NA,A dog with that being held to its face.,NA,NA,"They are doing something here.
",0.9428377449512482,0.0,0.0,0.6061537563800812,0.0,0.0,0.47608766704797745
./coco-images/images/COCO_train2014_000000210266.jpg,210266,A man in a suit and tie holding an umbrella in an alley filled with them.,NA,A man in a suit and tie holding an umbrella there.,A man in a suit and tie holding this in an alley filled with them.,NA,A person in a suit and tie holding an umbrella in an alley filled with them.,"They are doing something here.
",0.9413979947566986,0.0,0.7853056490421295,0.6848364323377609,0.0,0.9329183399677277,0.5070608481764793
./coco-images/images/COCO_train2014_000000122731.jpg,122731,A person wearing a neon safety vest holding an orange and green umbrella,NA,NA,A person wearing that holding this,NA,NA,"They are doing something here.
",0.9327858686447144,0.0,0.0,0.553218312561512,0.0,0.0,0.49975425004959106
./coco-images/images/COCO_train2014_000000029642.jpg,29642,A girl with long brown hair with streaks of red lays on a bed and looks at an open laptop computer.,NA,A girl with long brown hair with streaks of red lays there and looks at an open laptop computer.,A girl with long brown hair with that lays on a bed and looks at this.,NA,A person with long brown hair with streaks of red lays on a bed and looks at an open laptop computer.,"They are doing something here.
",0.9293694049119949,0.0,0.9060770273208618,0.6220085546374321,0.0,0.9503418207168579,0.5486257001757622
./coco-images/images/COCO_train2014_000000096222.jpg,96222,A man posing with a birthday cake in a kitchen.,NA,A man posing with a birthday cake there.,A man posing with that in a kitchen.,NA,A person posing with a birthday cake in a kitchen.,"They are doing something here.
",0.9262039512395859,0.0,0.7809939980506897,0.7280754297971725,0.0,0.899801030755043,0.4897890239953995
./coco-images/images/COCO_train2014_000000195449.jpg,195449,A man riding on the back of a motorcycle with a large brown dog.,NA,NA,A man riding on that with a large brown dog.,NA,A person riding on the back of a motorcycle with a large brown dog.,"They are doing something here.
",0.9246822446584702,0.0,0.0,0.8547605574131012,0.0,0.9710132330656052,0.5722161009907722
./coco-images/images/COCO_train2014_000000195449.jpg,195449,A dog riding on a scooter with someone.,NA,NA,A dog riding on this with someone.,NA,NA,"They are doing something here.
",0.9240785986185074,0.0,0.0,0.7937019318342209,0.0,0.0,0.5722161009907722
./coco-images/images/COCO_train2014_000000134599.jpg,134599,A white frosted cake in the middle of a table with someone holding a knife above it.,NA,A white frosted cake there with someone holding a knife above it.,A white frosted cake in the middle of this with someone holding that.,NA,NA,"They are doing something here.
",0.9239155054092407,0.0,0.850694328546524,0.7344084978103638,0.0,0.0,0.5145119875669479
./coco-images/images/COCO_train2014_000000420523.jpg,420523,A banana and strawberry on the keyboard of a laptop.,NA,A banana and strawberry here.,A banana and strawberry on that.,NA,NA,"They are doing something here.
",0.9210548549890518,0.0,0.7832226902246475,0.7483799755573273,0.0,0.0,0.5344279855489731
./coco-images/images/COCO_train2014_000000488127.jpg,488127,A guy in a military uniform cutting a big cake.,NA,NA,A guy in a military uniform cutting that.,NA,A person in a military uniform cutting a big cake.,"They are doing something here.
",0.9205200523138046,0.0,0.0,0.7205256819725037,0.0,0.9559550136327744,0.46030882745981216
./coco-images/images/COCO_train2014_000000160471.jpg,160471,A man in grey sweater on floor next to a suitcase.,NA,A man in grey sweater here.,NA,NA,A person in grey sweater on floor next to a suitcase.,"They are doing something here.
",0.918649286031723,0.0,0.5789937451481819,0.0,0.0,0.9117975831031799,0.5254266038537025
./coco-images/images/COCO_train2014_000000481931.jpg,481931,Two Navy sailors cutting a large sheet cake.,Some Navy sailors cutting a large sheet cake.,NA,Two Navy sailors cutting that.,NA,Two Navy people cutting a large sheet cake.,"They are doing something here.
",0.918060839176178,0.9060432761907578,0.0,0.7702436298131943,0.0,0.888013169169426,0.5044100806117058
./coco-images/images/COCO_train2014_000000420523.jpg,420523,A banana and a strawberry is sitting on an open laptop keyboard.,NA,A banana and a strawberry is sitting here.,A banana and a strawberry is sitting on this.,They are sitting on an open laptop keyboard.,NA,"They are doing something here.
",0.917910635471344,0.0,0.8350124955177307,0.7884421199560165,0.6099456176161766,0.0,0.5344279855489731
./coco-images/images/COCO_train2014_000000522288.jpg,522288,A small white dog being offered a glass of red wine.,NA,NA,A small white dog being offered this.,NA,NA,"They are doing something here.
",0.9176056832075119,0.0,0.0,0.682779923081398,0.0,0.0,0.47608766704797745
./coco-images/images/COCO_train2014_000000336942.jpg,336942,A woman in a white dress is sitting with her cell phone.,NA,NA,A woman in a white dress is sitting with that.,NA,A person in a white dress is sitting with their cell phone.,"They are doing something here.
",0.9175089746713638,0.0,0.0,0.7026504725217819,0.0,0.8672343194484711,0.5309491604566574
./coco-images/images/COCO_train2014_000000134238.jpg,134238,"A cake with a missing slice on a floral plate, two bowls of fruit and a hand of bananas.","A cake with a missing slice on a floral plate, some bowls of fruit and some bananas.","A cake with a missing slice there, two bowls of fruit and a hand of bananas.","A cake with a missing slice on that, two bowls of fruit and a hand of bananas.",NA,NA,"They are doing something here.
",0.915769413113594,0.8975715935230255,0.8049370348453522,0.7940762490034103,0.0,0.0,0.4543977603316307
./coco-images/images/COCO_train2014_000000196545.jpg,196545,Woman sitting on a bench holding a hotdog in her hand,NA,Woman sitting there holding a hotdog in her hand,Woman sitting on a bench holding this in her hand,NA,Person sitting on a bench holding a hotdog in their hand,"They are doing something here.
",0.9137597680091858,0.0,0.8646214753389359,0.683450922369957,0.0,0.8566364645957947,0.48941347748041153
./coco-images/images/COCO_train2014_000000195449.jpg,195449,a person on a motorcycle and a dog,NA,NA,NA,NA,NA,"They are doing something here.
",0.9131757915019989,0.0,0.0,0.0,0.0,0.0,0.5722161009907722
./coco-images/images/COCO_train2014_000000184930.jpg,184930,a man in a brown shirt is holding two large stuffed teddy bears,a man in a brown shirt is holding some large stuffed teddy bears,NA,a man in a brown shirt is holding that,NA,a person in a brown shirt is holding two large stuffed teddy bears,"They are doing something here.
",0.9094668924808502,0.9104061126708984,0.0,0.5444354191422462,0.0,0.9030758589506149,0.4927549883723259
./coco-images/images/COCO_train2014_000000200221.jpg,200221,A baby sits in a suitcase in front of a book shelf,NA,A baby sits in a suitcase there,A baby sits in a suitcase in front of this,They sit in a suitcase in front of a book shelf,A person sits in a suitcase in front of a book shelf,"They are doing something here.
",0.9072496742010117,0.0,0.7484832406044006,0.5994225293397903,0.6720898300409317,0.7551837712526321,0.4782639816403389
./coco-images/images/COCO_train2014_000000449904.jpg,449904,A young woman sits at a cafe table with a piece of pizza and a beverage.,NA,A young woman sits here with a piece of pizza and a beverage.,A young woman sits at a cafe table with that.,They sit at a cafe table with a piece of pizza and a beverage.,A young person sits at a cafe table with a piece of pizza and a beverage.,"They are doing something here.
",0.9072118252515793,0.0,0.8074107021093369,0.7493399083614349,0.6892098486423492,0.8981255441904068,0.4728047177195549
./coco-images/images/COCO_train2014_000000488127.jpg,488127,"A veteran cutting a birthday cake that is decorated in red, white, and blue.",NA,NA,NA,NA,"A person cutting a birthday cake that is decorated in red, white, and blue.","They are doing something here.
",0.9065738320350647,0.0,0.0,0.0,0.0,0.763915628194809,0.46030882745981216
./coco-images/images/COCO_train2014_000000330652.jpg,330652,two children laying on restaurant booth seats ,some children laying on restaurant booth seats ,two children laying there,NA,NA,two people laying on restaurant booth seats ,"They are doing something here.
",0.9038569033145905,0.8808300644159317,0.7256399840116501,0.0,0.0,0.8486594259738922,0.5944684892892838
./coco-images/images/COCO_train2014_000000459209.jpg,459209,Two young boys playing with letter magnets on the front of a refrigerator.,Some young boys playing with letter magnets on the front of a refrigerator.,NA,Two young boys playing with this on the front of a refrigerator.,NA,Two young people playing with letter magnets on the front of a refrigerator.,"They are doing something here.
",0.9026883542537689,0.8880186080932617,0.0,0.7729455828666687,0.0,0.8887067437171936,0.5932770669460297
./coco-images/images/COCO_train2014_000000034815.jpg,34815,a man and a woman with bicycles standing next to a train,NA,a man and a woman with bicycles standing here,a man and a woman with that standing next to a train,NA,people with bicycles standing next to a train,"They are doing something here.
",0.902526006102562,0.0,0.7946533709764481,0.6891096383333206,0.0,0.8837553113698959,0.4669392481446266
./coco-images/images/COCO_train2014_000000449904.jpg,449904,A young woman sitting in a restaurant with a pizza and soda in front of her.,NA,A young woman sitting there with a pizza and soda in front of her.,A young woman sitting in a restaurant with that in front of her.,NA,A young person sitting in a restaurant with a pizza and soda in front of them.,"They are doing something here.
",0.9023725986480713,0.0,0.8969798684120178,0.7566602528095245,0.0,0.8692355453968048,0.4728047177195549
./coco-images/images/COCO_train2014_000000420523.jpg,420523,A banana and a strawberry sitting on a lap top computer.,NA,A banana and a strawberry sitting there.,A banana and a strawberry sitting on this.,NA,NA,"They are doing something here.
",0.9021621942520142,0.0,0.839255303144455,0.8080128580331802,0.0,0.0,0.5344279855489731
./coco-images/images/COCO_train2014_000000560969.jpg,560969,A young boy eating a hot dog over a paper plate.,NA,A young boy eating a hot dog there.,A young boy eating that over a paper plate.,NA,A young person eating a hot dog over a paper plate.,"They are doing something here.
",0.901978388428688,0.0,0.8341851830482483,0.805933028459549,0.0,0.8788448572158813,0.51706213504076
./coco-images/images/COCO_train2014_000000420523.jpg,420523,A banana and a strawboard are on a laptop keyboard.,NA,A banana and a strawboard are there.,A banana and a strawboard are on this.,They are on a laptop keyboard.,NA,"They are doing something here.
",0.9007211774587631,0.0,0.7776650786399841,0.6977294385433197,0.6167938187718391,0.0,0.5344279855489731
./coco-images/images/COCO_train2014_000000340923.jpg,340923,An infant sits next to a stuffed teddy bear toy.,NA,An infant sits there.,An infant sits next to that.,They sit next to a stuffed teddy bear toy.,A person sits next to a stuffed teddy bear toy.,"They are doing something here.
",0.8972378075122833,0.0,0.6666742265224457,0.6403866410255432,0.6811773031949997,0.8067653328180313,0.4845934733748436
./coco-images/images/COCO_train2014_000000330652.jpg,330652,Children laying in a booth at a restaurant,NA,Children laying there,NA,NA,People laying in a booth at a restaurant,"They are doing something here.
",0.8954206109046936,0.0,0.7377871870994568,0.0,0.0,0.8059608936309814,0.5944684892892838
./coco-images/images/COCO_train2014_000000195449.jpg,195449,A person with a yellow lab on a moped ridding down the street.,NA,A person with a yellow lab there ridding down the street.,A person with that ridding down the street.,NA,NA,"They are doing something here.
",0.8949203044176102,0.0,0.78758604824543,0.6846385449171066,0.0,0.0,0.5722161009907722
./coco-images/images/COCO_train2014_000000034815.jpg,34815,a man and woman standing next to a bike next to a subtrain,NA,a man and woman standing there,a man and woman standing next to a bike next to this,NA,people standing next to a bike next to a subtrain,"They are doing something here.
",0.8937486261129379,0.0,0.5697491392493248,0.6633330881595612,0.0,0.8427980542182922,0.4669392481446266
./coco-images/images/COCO_train2014_000000160471.jpg,160471,A man laying on the floor near a suitcase.,NA,A man laying here near a suitcase.,A man laying on the floor near this.,NA,A person laying on the floor near a suitcase.,"They are doing something here.
",0.8935225009918213,0.0,0.8755121380090714,0.5616437271237373,0.0,0.8618879318237305,0.5254266038537025
./coco-images/images/COCO_train2014_000000034815.jpg,34815,A man and woman pause with their bikes beside a train.,NA,A man and woman pause with their bikes there.,A man and woman pause with their bikes beside that.,They pause with their bikes beside a train.,People pause with their bikes beside a train.,"They are doing something here.
",0.8933532983064651,0.0,0.766839012503624,0.6985826045274734,0.7836942374706268,0.8373768627643585,0.4669392481446266
./coco-images/images/COCO_train2014_000000335696.jpg,335696,Two elderly women speak to each other on a bench.,Some elderly women speak to each other on a bench.,Two elderly women speak to each other here.,NA,They speak to each other on a bench.,Two elderly people speak to each other on a bench.,"They are doing something here.
",0.892307311296463,0.8834850043058395,0.7307872176170349,0.0,0.7071352005004883,0.8526454865932465,0.5149178579449654
./coco-images/images/COCO_train2014_000000040338.jpg,40338,Soldiers hold a refrigerator open to show a woman what's inside.,NA,NA,Soldiers hold this to show a woman what's inside.,They hold a refrigerator open to show a woman what's inside.,People hold a refrigerator open to show a person what's inside.,"They are doing something here.
",0.8916261047124863,0.0,0.0,0.6302330642938614,0.7334664463996887,0.7159392535686493,0.4853680729866028
./coco-images/images/COCO_train2014_000000394151.jpg,394151,A woman with luggage standing behind her open trunk,NA,A woman with luggage standing there,A woman with luggage standing behind that,NA,A person with luggage standing behind their open trunk,"They are doing something here.
",0.891372486948967,0.0,0.8280674368143082,0.7198047637939453,0.0,0.8391175419092178,0.4645940661430359
./coco-images/images/COCO_train2014_000000459209.jpg,459209,2 children look at magnetic letters on a refrigerator,some children look at magnetic letters on a refrigerator,NA,2 children look at that,They look at magnetic letters on a refrigerator,2 people look at magnetic letters on a refrigerator,"They are doing something here.
",0.8892612159252167,0.8785400539636612,0.0,0.6047694012522697,0.826798602938652,0.8274603635072708,0.5932770669460297
./coco-images/images/COCO_train2014_000000145499.jpg,145499,A lady holding a bottle of ketchup and a dog in a hot dog bun costume.,NA,NA,A lady holding this and that.,NA,A person holding a bottle of ketchup and a dog in a hot dog bun costume.,"They are doing something here.
",0.8891534805297852,0.0,0.0,0.6139043346047401,0.0,0.92947818338871,0.5391585826873779
./coco-images/images/COCO_train2014_000000184930.jpg,184930,A man carrying two large teddy bears while looking to his left.,A man carrying some large teddy bears while looking to his left.,A man carrying two large teddy bears while looking there.,A man carrying this while looking to his left.,NA,A person carrying two large teddy bears while looking to their left.,"They are doing something here.
",0.8888191729784012,0.8840920776128769,0.8809322863817215,0.535353384912014,0.0,0.8894296735525131,0.4927549883723259
./coco-images/images/COCO_train2014_000000461183.jpg,461183,Two men sit on a boat and prepare to scuba dive.,Some men sit on a boat and prepare to scuba dive.,Two men sit here and prepare to scuba dive.,NA,They sit on a boat and prepare to scuba dive.,Two people sit on a boat and prepare to scuba dive.,"They are doing something here.
",0.8859920501708984,0.8061499148607254,0.7609584927558899,0.0,0.7066566497087479,0.8317442983388901,0.46021658927202225
./coco-images/images/COCO_train2014_000000344597.jpg,344597,A person holds a Wii-mote while a dog sleeps in their lap.,NA,A person holds a Wii-mote while a dog sleeps here.,A person holds this while a dog sleeps in their lap.,They hold a Wii-mote while a dog sleeps in their lap.,NA,"They are doing something here.
",0.8859175443649292,0.0,0.7823473215103149,0.6644491851329803,0.7799056172370911,0.0,0.5324382707476616
./coco-images/images/COCO_train2014_000000205931.jpg,205931,A woman is painting designs on an umbrella.,NA,NA,A woman is painting this on an umbrella.,They are painting designs on an umbrella.,A person is painting designs on an umbrella.,"They are doing something here.
",0.8859147131443024,0.0,0.0,0.6650897115468979,0.7101816684007645,0.8201169967651367,0.49735497683286667
./coco-images/images/COCO_train2014_000000528563.jpg,528563,A woman with a tattoo playing the Wii.,NA,NA,A woman with a tattoo playing this.,NA,A person with a tattoo playing the Wii.,"They are doing something here.
",0.8856944739818573,0.0,0.0,0.6302183121442795,0.0,0.850214883685112,0.5708237364888191
./coco-images/images/COCO_train2014_000000160471.jpg,160471,A man is laying on the floor of a hotel room next to an open suitcase.,NA,A man is laying there next to an open suitcase.,A man is laying on the floor of a hotel room next to this.,They are laying on the floor of a hotel room next to an open suitcase.,A person is laying on the floor of a hotel room next to an open suitcase.,"They are doing something here.
",0.8844244480133057,0.0,0.8127689361572266,0.6200438737869263,0.7111912220716476,0.8623883873224258,0.5254266038537025
./coco-images/images/COCO_train2014_000000324732.jpg,324732,a woman stands in front of stainless steel refrigerators holding a sign,NA,a woman stands there holding a sign,a woman stands in front of this holding a sign,They stand in front of stainless steel refrigerators holding a sign,a person stands in front of stainless steel refrigerators holding a sign,"They are doing something here.
",0.8840162307024002,0.0,0.60652956366539,0.64887635409832,0.7685162872076035,0.8264645934104919,0.4797583818435669
./coco-images/images/COCO_train2014_000000461183.jpg,461183,Two males in scuba gear on a boat.,Some males in scuba gear on a boat.,Two males in scuba gear here.,Two males in that on a boat.,NA,Two people in scuba gear on a boat.,"They are doing something here.
",0.8834122121334076,0.8174307644367218,0.7609228044748306,0.6270629167556763,0.0,0.8059436827898026,0.46021658927202225
./coco-images/images/COCO_train2014_000000121619.jpg,121619,"Without paper handy, a man writes a reminder about the parking meter on his palm.",NA,"Without paper handy, a man writes a reminder about the parking meter here.","Without paper handy, a man writes this on his palm.","Without paper handy, they write a reminder about the parking meter on their palm.","Without paper handy, a person writes a reminder about the parking meter on their palm.","They are doing something here.
",0.8833908289670944,0.0,0.831935703754425,0.5746890604496002,0.7862421870231628,0.8132519572973251,0.5068373307585716
./coco-images/images/COCO_train2014_000000035995.jpg,35995,A man in camouflage is shaking hands with a man in a suit in front of some trucks.,NA,A man in camouflage is shaking hands with a man in a suit here.,NA,NA,A person in camouflage is shaking hands with a person in a suit in front of some trucks.,"They are doing something here.
",0.8825967460870743,0.0,0.7779791951179504,0.0,0.0,0.8771901577711105,0.4818335175514221
./coco-images/images/COCO_train2014_000000292101.jpg,292101,A gray cat laying on top of a laptop computer.,NA,A gray cat laying there.,A gray cat laying on top of this.,NA,NA,"They are doing something here.
",0.8816563338041306,0.0,0.7032015174627304,0.7163564115762711,0.0,0.0,0.5525107681751251
./coco-images/images/COCO_train2014_000000420523.jpg,420523,A banana and strawberry on top of a laptop,NA,A banana and strawberry here,NA,NA,NA,"They are doing something here.
",0.8809708058834076,0.0,0.7679324597120285,0.0,0.0,0.0,0.5344279855489731
./coco-images/images/COCO_train2014_000000449904.jpg,449904,A young woman sitting at a table in front of a piece of pizza.,NA,A young woman sitting there in front of a piece of pizza.,A young woman sitting at a table in front of that.,NA,A young person sitting at a table in front of a piece of pizza.,"They are doing something here.
",0.8807685226202011,0.0,0.8594206720590591,0.7559669762849808,0.0,0.8667745441198349,0.4728047177195549
./coco-images/images/COCO_train2014_000000344597.jpg,344597,A pug dog lying on a persons lap who's holding a remote controller.,NA,NA,A pug dog lying on a persons lap who's holding that.,NA,NA,"They are doing something here.
",0.8803042769432068,0.0,0.0,0.8240793645381927,0.0,0.0,0.5324382707476616
./coco-images/images/COCO_train2014_000000121619.jpg,121619,"A man is standing beside a parking meter, writing on his hand.",NA,"A man is standing there, writing on his hand.","A man is standing beside that, writing on his hand.","They are standing beside a parking meter, writing on their hand.","A person is standing beside a parking meter, writing on their hand.","They are doing something here.
",0.8802111446857452,0.0,0.6658582389354706,0.6307096779346466,0.7437002658843994,0.8420726656913757,0.5068373307585716
./coco-images/images/COCO_train2014_000000096222.jpg,96222,A man standing over a cake with candles.,NA,A man standing there.,A man standing over this.,NA,A person standing over a cake with candles.,"They are doing something here.
",0.8791782706975937,0.0,0.5809465795755386,0.4992369934916496,0.0,0.8301174640655518,0.4897890239953995
./coco-images/images/COCO_train2014_000000340923.jpg,340923,An infant and a teddy beat sitting up next to each other.,NA,An infant and a teddy beat sitting there.,NA,NA,A person and a teddy beat sitting up next to each other.,"They are doing something here.
",0.8781881630420685,0.0,0.846753865480423,0.0,0.0,0.807640552520752,0.4845934733748436
./coco-images/images/COCO_train2014_000000292101.jpg,292101,a gray and white cat is laying on top of a laptop,NA,a gray and white cat is laying there.,a gray and white cat is laying on this,they are laying on top of a laptop,NA,"They are doing something here.
",0.8775900304317474,0.0,0.6677207350730896,0.6698738038539886,0.7054410129785538,0.0,0.5525107681751251
./coco-images/images/COCO_train2014_000000184930.jpg,184930,a man carrying one brown and one tan stuffed bear standing in front of a car poster,a man carrying some stuffed bears standing in front of a car poster,a man carrying one brown and one tan stuffed bear standing there,a man carrying this standing in front of a car poster,NA,a person carrying one brown and one tan stuffed bear standing in front of a car poster,"They are doing something here.
",0.8760316669940948,0.8699115365743637,0.8075438439846039,0.6040370836853981,0.0,0.8842000365257263,0.4927549883723259
./coco-images/images/COCO_train2014_000000468357.jpg,468357,"A wallet, laptop, cellphone, cups and bottles of water sitting on a table.",NA,"A wallet, laptop, cellphone, cups and bottles of water here.",NA,NA,NA,"They are doing something here.
",0.8759839832782745,0.0,0.7704596221446991,0.0,0.0,0.0,0.5258318781852722
./coco-images/images/COCO_train2014_000000330652.jpg,330652,A couple of kids laying on top of booths.,Some kids laying on top of booths.,A couple of kids laying there.,NA,NA,A couple of people laying on top of booths.,"They are doing something here.
",0.8758059144020081,0.8602419495582581,0.7313548028469086,0.0,0.0,0.8025401085615158,0.5944684892892838
./coco-images/images/COCO_train2014_000000279373.jpg,279373,A woman in a dress standing by some motorcycles.,NA,A woman in a dress standing here.,NA,NA,A person in a dress standing by some motorcycles.,"They are doing something here.
",0.8732399344444275,0.0,0.5919389054179192,0.0,0.0,0.8812101185321808,0.4196397215127945
./coco-images/images/COCO_train2014_000000134599.jpg,134599,A large white cake sitting on top of a table.,NA,A large white cake sitting here.,A large white cake sitting on top of that.,NA,NA,"They are doing something here.
",0.870126336812973,0.0,0.7881573587656021,0.7394914329051971,0.0,0.0,0.5145119875669479
./coco-images/images/COCO_train2014_000000324732.jpg,324732,A woman standing in front of a metal refrigerator freezer.,NA,A woman standing here.,A woman standing in front of that.,NA,A person standing in front of a metal refrigerator freezer.,"They are doing something here.
",0.8693113178014755,0.0,0.5348363518714905,0.6330347806215286,0.0,0.8165064454078674,0.4797583818435669
./coco-images/images/COCO_train2014_000000145499.jpg,145499,A person in a yellow shirt about to ketchup the dog in a hot dog costume.,NA,NA,A person in a yellow shirt about to ketchup the dog in that.,NA,NA,"They are doing something here.
",0.867733359336853,0.0,0.0,0.7449585199356079,0.0,0.0,0.5391585826873779
./coco-images/images/COCO_train2014_000000459209.jpg,459209,Two small children playing with their refrigerator magnets.,Some small children playing with their refrigerator magnets.,NA,Two small children playing with this.,NA,Two small people playing with their refrigerator magnets.,"They are doing something here.
",0.8669283986091614,0.833624079823494,0.0,0.6599016487598419,0.0,0.8683030307292938,0.5932770669460297
./coco-images/images/COCO_train2014_000000570019.jpg,570019,A hot dog covered in toppings sitting next to beer.,NA,A hot dog covered in toppings sitting here.,A hot dog covered in this sitting next to beer.,NA,NA,"They are doing something here.
",0.8662194013595581,0.0,0.7519590854644775,0.738367959856987,0.0,0.0,0.4868476837873459
./coco-images/images/COCO_train2014_000000335696.jpg,335696,two women are chatting on a brown bench,some women are chatting on a brown bench,two women are chatting here,NA,they are chatting on a brown bench,two people are chatting on a brown bench,"They are doing something here.
",0.8647427707910538,0.790853276848793,0.7174752652645111,0.0,0.7295268028974533,0.824906975030899,0.5149178579449654
./coco-images/images/COCO_train2014_000000198072.jpg,198072,A motorcyclist with helmet and neon vest taking a photograph in side mirror,NA,A motorcyclist with helmet and neon vest taking a photograph there,A motorcyclist with that taking a photograph in side mirror,NA,A person with helmet and neon vest taking a photograph in side mirror,"They are doing something here.
",0.8639054000377655,0.0,0.7846242934465408,0.8148723840713501,0.0,0.7935532182455063,0.4075585678219795
./coco-images/images/COCO_train2014_000000468357.jpg,468357,A red laptop on a desk with various devices plugged in.,NA,A red laptop here with various devices plugged in.,A red laptop on a desk with that.,NA,NA,"They are doing something here.
",0.8635979890823364,0.0,0.8208221197128296,0.7109275460243225,0.0,0.0,0.5258318781852722
./coco-images/images/COCO_train2014_000000112029.jpg,112029,Girl laying on bed with a stuffed panda posing for the camera.,NA,Girl laying there with a stuffed panda posing for the camera.,Girl laying on bed with that posing for the camera.,NA,Person laying on bed with a stuffed panda posing for the camera.,"They are doing something here.
",0.8630881458520889,0.0,0.8296822756528854,0.664718747138977,0.0,0.8398336172103882,0.5321186780929565
./coco-images/images/COCO_train2014_000000205931.jpg,205931,A woman painting flowers on a red umbrella.,NA,NA,A woman painting that on a red umbrella.,NA,A person painting flowers on a red umbrella.,"They are doing something here.
",0.862966924905777,0.0,0.0,0.7864523679018021,0.0,0.829024612903595,0.49735497683286667
./coco-images/images/COCO_train2014_000000145499.jpg,145499,A dog inside a stuffed hot dog bun on a man's lap.,NA,NA,A dog inside this on a man's lap.,NA,A dog inside a stuffed hot dog bun on a person's lap.,"They are doing something here.
",0.8620475232601166,0.0,0.0,0.6693316996097565,0.0,0.8853597939014435,0.5391585826873779
./coco-images/images/COCO_train2014_000000528563.jpg,528563,The two friends are playing a game on the Wii console.,Some friends are playing a game on the Wii console.,NA,The two friends are playing a game on this.,They are playing a game on the Wii console.,The two people are playing a game on the Wii console.,"They are doing something here.
",0.8614528924226761,0.75825534760952,0.0,0.6155263260006905,0.7174919545650482,0.8770312368869781,0.5708237364888191
./coco-images/images/COCO_train2014_000000330652.jpg,330652,Two children lying on the booth seats of a restaurant.,Some children lying on the booth seats of a restaurant.,Two children lying there.,NA,NA,Two people lying on the booth seats of a restaurant.,"They are doing something here.
",0.8607655763626099,0.8591114729642868,0.7186764478683472,0.0,0.0,0.795791894197464,0.5944684892892838
./coco-images/images/COCO_train2014_000000184930.jpg,184930,a man holding two very large teddy bears,a man holding some very large teddy bears,NA,a man holding that,NA,a person holding two very large teddy bears,"They are doing something here.
",0.8604609221220016,0.8732913434505463,0.0,0.601923018693924,0.0,0.8450154960155487,0.4927549883723259
./coco-images/images/COCO_train2014_000000196545.jpg,196545,The woman is showing the toppings on her hotdog.,NA,NA,The woman is showing that.,They are showing the toppings on their hotdog.,The person is showing the toppings on their hotdog.,"They are doing something here.
",0.8590603619813919,0.0,0.0,0.5836297571659088,0.7242027670145035,0.7721821218729019,0.48941347748041153
./coco-images/images/COCO_train2014_000000198072.jpg,198072,A man in a helmet observes his reflection in a motorcycle side mirror.,NA,A man in a helmet observes his reflection there.,A man in a helmet observes this in a motorcycle side mirror.,NA,A person in a helmet observes their reflection in a motorcycle side mirror.,"They are doing something here.
",0.856778472661972,0.0,0.7330862432718277,0.723298043012619,0.0,0.8531615883111954,0.4075585678219795
./coco-images/images/COCO_train2014_000000439463.jpg,439463,A woman with a wooden pizza board is near a huge oven.,NA,A woman with a wooden pizza board is there.,A woman with a wooden pizza board is near that.,NA,A person with a wooden pizza board is near a huge oven.,"They are doing something here.
",0.8566953986883163,0.0,0.7305867969989777,0.690314993262291,0.0,0.811641737818718,0.5070778355002403
./coco-images/images/COCO_train2014_000000394151.jpg,394151,The woman is standing above the two packed suitcases.,The woman is standing above some packed suitcases.,The woman is standing here.,The woman is standing above this.,They are standing above the two packed suitcases.,The person is standing above the two packed suitcases.,"They are doing something here.
",0.8565086126327515,0.8275262266397476,0.5536564812064171,0.4930926486849785,0.7435233145952225,0.7608168572187424,0.4645940661430359
./coco-images/images/COCO_train2014_000000096222.jpg,96222,A man standing in front of a cake on a table.,NA,A man standing in front of a cake there.,A man standing in front of that.,NA,A person standing in front of a cake on a table.,"They are doing something here.
",0.8562452346086502,0.0,0.7616858929395676,0.5505328625440598,0.0,0.8309139311313629,0.4897890239953995
./coco-images/images/COCO_train2014_000000163939.jpg,163939,A tin cup of noodles in water sitting in front of a computer.,NA,A tin cup of noodles in water sitting here.,NA,NA,NA,"They are doing something here.
",0.8545330911874771,0.0,0.6322276592254639,0.0,0.0,0.0,0.5062960833311081
./coco-images/images/COCO_train2014_000000122731.jpg,122731,A person with face make up and a multi color umbrella and jacket.,NA,NA,NA,NA,NA,"They are doing something here.
",0.8542396128177643,0.0,0.0,0.0,0.0,0.0,0.49975425004959106
./coco-images/images/COCO_train2014_000000324732.jpg,324732,A woman standing next to refrigerators holding a sign.,NA,A woman standing there holding a sign.,A woman standing next to refrigerators holding this.,NA,A person standing next to refrigerators holding a sign.,"They are doing something here.
",0.8532650768756866,0.0,0.6296572089195251,0.7112689316272736,0.0,0.7914936542510986,0.4797583818435669
./coco-images/images/COCO_train2014_000000075299.jpg,75299,"Two movers with their open moving van, which is parked on a city street.","Some movers with their open moving van, which is parked on a city street.","Two movers with their open moving van, which is parked there.",NA,NA,"Two people with their open moving van, which is parked on a city street.","They are doing something here.
",0.8526214957237244,0.8054462820291519,0.7852248102426529,0.0,0.0,0.8331894874572754,0.5107320100069046
./coco-images/images/COCO_train2014_000000184930.jpg,184930,A man is carrying two extra large teddy bears.,A man is carrying some extra large teddy bears.,NA,A man is carrying that.,They are carrying two extra large teddy bears.,A person is carrying two extra large teddy bears.,They are doing something here.,0.8523464202880859,0.8073042333126068,0.0,0.5289168655872345,0.7159813493490219,0.8546116203069687,0.4927549883723259
